kf_id,stamp,culled,w_kf_tx,w_kf_ty,w_kf_tz,w_kf_qx,w_kf_qy,w_kf_qz,w_kf_qw
1,1000.000000,0,0.000000,0.000000,0.000000,0.000000,0.000000,0.000000,1.000000
4,1003.000000,0,0.078905,0.006216,0.126519,0.000397,0.064572,-0.003467,0.997907
5,1004.033333,0,0.093180,0.018915,0.275679,-0.000017,0.044797,-0.001683,0.998995
6,1005.033333,0,0.103894,0.020460,0.446549,-0.002425,0.055682,-0.001703,0.998444
7,1006.033333,0,0.123656,0.037389,0.591791,0.001144,0.057998,-0.002057,0.998314
8,1007.033333,0,0.139507,0.043557,0.751622,-0.000802,0.057861,-0.002404,0.998321
9,1008.066667,0,0.158236,0.052392,0.909976,-0.002737,0.060010,-0.002632,0.998191
10,1009.066667,0,0.182375,0.065750,1.062299,-0.001940,0.061911,-0.002313,0.998077
11,1010.066667,0,0.206817,0.073632,1.190672,-0.000775,0.063256,-0.002319,0.997994
12,1011.066667,0,0.207399,0.083815,1.304271,-0.000987,0.057712,0.004910,0.998321
13,1012.066667,0,0.218142,0.091292,1.458842,-0.000088,0.048175,0.005074,0.998826
14,1013.066667,0,0.239138,0.109308,1.602304,0.000159,0.053795,0.004426,0.998542
15,1014.066667,0,0.278358,0.135027,1.739108,0.003476,0.059232,0.003460,0.998232
16,1015.066667,0,0.302942,0.143567,1.874066,0.003943,0.065679,0.003130,0.997828
17,1016.100000,0,0.308366,0.157708,2.003704,0.010223,0.077723,-0.005504,0.996907
18,1017.100000,0,0.325999,0.147642,2.114316,0.002882,0.063794,0.000479,0.997959
19,1018.100000,0,0.337881,0.152755,2.263106,0.001340,0.048259,0.000809,0.998834
20,1019.100000,0,0.343638,0.166088,2.398110,0.002530,0.029628,0.002190,0.999555
21,1020.100000,0,0.324345,0.173136,2.529173,0.007238,0.004183,0.001571,0.999964
22,1021.100000,0,0.279932,0.176918,2.667763,0.004878,-0.033645,0.005597,0.999406
23,1022.100000,0,0.225447,0.181295,2.786758,0.007294,-0.087508,0.011567,0.996070
24,1023.100000,0,0.154890,0.189255,2.900398,0.008853,-0.141357,0.015733,0.989794
25,1024.133333,0,0.016794,0.191301,3.066467,0.008839,-0.218121,0.021177,0.975652
26,1025.133333,0,-0.131937,0.196587,3.216458,0.011605,-0.301495,0.026168,0.953038
27,1026.133333,0,-0.262071,0.194613,3.302547,0.009178,-0.347595,0.028221,0.937175
28,1027.166667,0,-0.472152,0.193617,3.416757,0.013938,-0.424145,0.035653,0.904785
29,1028.166667,0,-0.598315,0.193609,3.468542,0.014304,-0.463794,0.036896,0.885059
30,1029.200000,0,-0.734663,0.188918,3.507793,0.014075,-0.509738,0.039605,0.859302
31,1030.200000,0,-0.878132,0.186246,3.527589,0.009565,-0.560588,0.041417,0.827003
32,1031.200000,0,-1.007087,0.185274,3.524257,0.010272,-0.612374,0.044242,0.789262
33,1032.200000,0,-1.175187,0.178742,3.482514,0.014026,-0.686412,0.047401,0.725531
34,1033.200000,0,-1.297078,0.170011,3.430571,0.009977,-0.737348,0.047417,0.673773
35,1034.200000,0,-1.448874,0.162305,3.310285,0.008820,-0.809847,0.048212,0.584590
36,1035.233333,0,-1.528434,0.156024,3.209240,0.006890,-0.853637,0.048467,0.518563
37,1036.233333,0,-1.611446,0.146586,3.033791,-0.006452,0.909029,-0.049568,-0.413724
38,1037.233333,0,-1.648874,0.136030,2.899867,-0.002136,0.940540,-0.047630,-0.336319
40,1039.266667,0,-1.707994,0.122689,2.624021,0.000328,0.959091,-0.046906,-0.279183
41,1040.266667,0,-1.750114,0.114537,2.496636,0.005099,0.964525,-0.044462,-0.260172
42,1041.266667,0,-1.799258,0.109292,2.287760,0.009162,0.981916,-0.042171,-0.184333
43,1042.300000,0,-1.862619,0.104948,2.144229,0.014205,0.986034,-0.039044,-0.161278
44,1043.300000,0,-1.874099,0.088020,1.993717,0.012606,0.992159,-0.028971,-0.120924
45,1044.300000,0,-1.880028,0.084593,1.847323,0.015206,0.996062,-0.022367,-0.084434
46,1045.333333,0,-1.888266,0.063508,1.662947,0.010677,0.995727,-0.027225,-0.087590
47,1046.333333,0,-1.982761,0.110568,1.488762,0.012585,0.997307,-0.048452,-0.053601
48,1047.333333,0,-1.985624,0.107340,1.306415,0.013064,0.997902,-0.050873,-0.037855
49,1048.366667,0,-1.979543,0.105083,1.186917,0.015623,0.997712,-0.055936,-0.034622
50,1049.333333,0,-1.983509,0.089982,1.070324,0.015049,0.998228,-0.050006,-0.028521
51,1050.366667,0,-2.004750,0.082072,0.898664,0.011343,0.998405,-0.053146,-0.015284
52,1051.366667,0,-1.965873,0.073237,0.783480,0.016037,0.998393,-0.053740,-0.008094
54,1053.400000,0,-1.964979,0.063046,0.584213,0.013128,0.998185,-0.058068,0.009084
55,1054.366667,0,-1.948584,0.057716,0.456744,0.011095,0.998222,-0.058100,0.007372
56,1055.400000,0,-1.926634,0.052754,0.321692,0.012339,0.997836,-0.056963,0.030452
57,1056.400000,0,-1.893258,0.044456,0.195399,0.011043,0.996175,-0.057544,0.064817
58,1057.400000,0,-1.824717,0.039277,0.111673,0.010024,0.991297,-0.057766,0.117865
59,1058.433333,0,-1.734959,0.033800,0.029031,0.008418,0.980479,-0.058315,0.187589
60,1059.433333,0,-1.613109,0.027276,-0.059514,0.010424,0.962373,-0.057153,0.265447
61,1060.433333,0,-1.477038,0.029737,-0.130773,0.006171,0.942531,-0.055271,0.329457
62,1061.433333,0,-1.355825,0.017223,-0.205333,0.008393,0.920407,-0.055239,0.386949
63,1062.433333,0,-1.241510,0.007938,-0.260536,0.006847,0.896905,-0.052863,0.438999
64,1063.466667,0,-1.100764,0.003669,-0.314623,0.005124,0.870524,-0.051867,0.489358
65,1064.466667,0,-1.006810,-0.013505,-0.333022,0.004111,0.837860,-0.046944,0.543847
66,1065.466667,0,-0.865728,-0.014249,-0.326947,0.004273,0.797771,-0.046155,0.601176
67,1066.500000,0,-0.717806,-0.006304,-0.346533,0.005800,0.777176,-0.044985,0.627647
68,1067.500000,0,-0.593841,-0.016105,-0.361770,0.004499,0.737808,-0.041129,0.673741
69,1068.533333,0,-0.431761,-0.010787,-0.334897,0.002157,0.692293,-0.040882,0.720454
70,1069.533333,0,-0.332426,-0.026900,-0.311051,0.013270,0.636855,-0.025607,0.770444
71,1070.533333,0,-0.199035,-0.015684,-0.232989,0.002686,0.584972,-0.033150,0.810371
72,1071.533333,0,-0.093593,-0.007926,-0.161822,0.002342,0.532890,-0.029999,0.845649
73,1072.566667,0,-0.004692,0.001349,-0.069061,0.002830,0.464371,-0.022458,0.885351
74,1073.566667,0,0.062209,-0.009499,0.033680,-0.000634,0.391419,-0.020849,0.919976
75,1074.566667,0,0.108323,0.001936,0.167260,0.000457,0.300359,-0.015137,0.953706
76,1075.566667,0,0.129487,0.014324,0.311458,-0.001168,0.217828,-0.010955,0.975925
77,1076.566667,0,0.139593,0.024769,0.471427,-0.001900,0.146968,-0.007527,0.989111
78,1077.566667,0,0.144331,0.039168,0.639284,-0.000510,0.078623,-0.003898,0.996897
79,1078.600000,0,0.152603,0.045364,0.782886,-0.003438,0.056959,-0.002482,0.998368
80,1079.600000,0,0.157725,0.058221,0.950784,-0.002280,0.037292,-0.000874,0.999301
81,1080.600000,0,0.161000,0.067711,1.063931,-0.000419,0.020651,-0.000231,0.999787
82,1081.600000,0,0.133273,0.074162,1.186089,-0.001786,-0.005570,0.008132,0.999950
83,1082.633333,0,0.007361,0.078303,1.318030,-0.001707,-0.119573,0.013541,0.992732
84,1083.633333,0,-0.150651,0.087298,1.424324,-0.000969,-0.209460,0.010806,0.977757
85,1084.633333,0,-0.325945,0.137053,1.549069,0.005186,-0.333495,0.025977,0.942380
86,1085.666667,0,-0.507994,0.131360,1.578820,0.007124,-0.453132,0.032739,0.890814
87,1086.666667,0,-0.658144,0.126160,1.577675,0.011150,-0.526396,0.036124,0.849399
88,1087.666667,0,-0.821480,0.123121,1.562989,0.014059,-0.604323,0.039267,0.795647
89,1088.666667,0,-0.935722,0.112609,1.555036,0.014856,-0.648430,0.037604,0.760200
90,1089.700000,0,-1.098392,0.104207,1.558220,0.014766,-0.670688,0.035858,0.740726
91,1090.700000,0,-1.214191,0.098879,1.553362,0.014103,-0.680984,0.032694,0.731432
92,1091.700000,0,-1.330124,0.093625,1.549066,0.012643,-0.691952,0.028854,0.721256
93,1092.700000,0,-1.451490,0.090298,1.535286,0.011377,-0.703619,0.025243,0.710038
94,1093.733333,0,-1.604530,0.084256,1.489838,0.007215,-0.743118,0.021798,0.668766
95,1094.733333,0,-1.763918,0.071582,1.456546,0.001033,-0.812874,0.013646,0.582278
96,1095.733333,0,-1.896212,0.078332,1.317987,-0.004218,-0.858612,0.023941,0.512048
97,1096.733333,0,-1.948489,0.068902,1.187874,0.001640,0.892990,-0.021342,-0.449567
98,1097.733333,0,-2.014662,0.088435,1.007099,0.015374,0.942217,-0.052843,-0.330452
99,1098.766667,0,-2.056932,0.083965,0.846564,0.013066,0.968210,-0.042424,-0.246169
100,1099.766667,0,-2.009164,0.076527,0.744868,0.016195,0.987827,-0.053180,-0.145281
101,1100.800000,0,-2.001624,0.064238,0.612246,0.014487,0.996409,-0.057178,-0.060749
102,1101.800000,0,-1.963447,0.060382,0.479271,0.010631,0.998257,-0.058047,-0.000792
103,1102.800000,0,-1.919276,0.051852,0.356380,0.012387,0.996221,-0.056373,0.064896
104,1103.833333,0,-1.863533,0.044179,0.235302,0.010297,0.989394,-0.057107,0.133161
105,1104.833333,0,-1.765341,0.039294,0.130023,0.007921,0.973939,-0.057477,0.219262
106,1105.833333,0,-1.648669,0.032065,0.020804,0.010200,0.957807,-0.056470,0.281624
107,1106.866667,0,-1.485204,0.034898,-0.059449,0.005482,0.933239,-0.054345,0.355079
108,1107.866667,0,-1.353738,0.021498,-0.119463,0.007770,0.910574,-0.055085,0.409584
109,1108.866667,0,-1.218923,0.015725,-0.204553,0.005977,0.885025,-0.054414,0.462314
110,1109.900000,0,-1.074605,-0.008064,-0.302501,0.005892,0.850697,-0.046499,0.523563
111,1110.900000,0,-0.931380,-0.012883,-0.344686,0.004804,0.822930,-0.047659,0.566119
112,1111.900000,0,-0.764686,-0.009229,-0.367436,0.005833,0.791335,-0.045882,0.609631
113,1112.900000,0,-0.643253,-0.016466,-0.379125,0.004161,0.748057,-0.041641,0.662314
114,1113.933333,0,-0.480457,-0.010276,-0.351229,0.003333,0.702336,-0.041046,0.710653
115,1114.933333,0,-0.352495,-0.027151,-0.329027,0.011715,0.648695,-0.027706,0.760453
116,1115.966667,0,-0.228285,-0.018185,-0.268812,0.002605,0.616282,-0.034958,0.786745
117,1116.966667,0,-0.105643,-0.008480,-0.175499,0.002869,0.556237,-0.031055,0.830438
118,1117.966667,0,-0.016286,0.003838,-0.017412,0.002029,0.461969,-0.022569,0.886607
119,1119.000000,0,0.037296,-0.001120,0.147849,-0.000885,0.372908,-0.019419,0.927665
120,1120.000000,0,0.071796,0.013484,0.306713,-0.001654,0.294434,-0.015211,0.955549
121,1121.000000,0,0.084791,0.021750,0.484801,-0.001273,0.210752,-0.010165,0.977486
122,1122.000000,0,0.115385,0.035341,0.622659,0.000117,0.164677,-0.007746,0.986317
123,1123.033333,0,0.138807,0.048537,0.842814,-0.002823,0.103432,-0.005132,0.994619
124,1124.033333,0,0.163772,0.062209,0.999049,-0.002068,0.077571,-0.003222,0.996980
125,1125.033333,0,0.186146,0.068555,1.135335,-0.001093,0.070382,-0.003352,0.997514
126,1126.066667,0,0.197349,0.083110,1.300003,-0.000977,0.061114,0.004853,0.998119
127,1127.066667,0,0.210144,0.089045,1.428882,-0.000447,0.061624,0.004329,0.998090
128,1128.100000,0,0.237159,0.122588,1.570554,0.002887,0.069946,0.003656,0.997540
129,1129.100000,0,0.247368,0.131566,1.684613,0.003089,0.061686,0.003518,0.998085
130,1130.100000,0,0.254046,0.138423,1.796007,0.003107,0.054267,0.003417,0.998516
131,1131.100000,0,0.248317,0.156766,1.908890,0.009509,0.076608,-0.006009,0.996998
132,1132.133333,0,0.281833,0.142651,2.038632,0.002657,0.081512,-0.000725,0.996669
133,1133.133333,0,0.304474,0.150759,2.168343,0.003671,0.085673,-0.000470,0.996316
134,1134.166667,0,0.304741,0.163356,2.338746,0.002981,0.064701,-0.000389,0.997900
135,1135.166667,0,0.278238,0.170316,2.474707,0.002154,0.042037,0.000733,0.999114
136,1136.166667,0,0.242014,0.172093,2.589598,0.004632,0.012144,0.004769,0.999904
137,1137.166667,0,0.198247,0.177563,2.711895,0.005847,-0.036524,0.009405,0.999271
138,1138.166667,0,0.125646,0.184370,2.848894,0.008254,-0.101610,0.014960,0.994678
139,1139.166667,0,0.070163,0.187815,2.939646,0.008010,-0.139691,0.015952,0.990034
140,1140.200000,0,-0.017009,0.190389,3.068383,0.009379,-0.197137,0.020852,0.980109
141,1141.233333,0,-0.112954,0.195955,3.189309,0.010478,-0.253995,0.024369,0.966842
142,1142.233333,0,-0.337511,0.196687,3.352132,0.015406,-0.362950,0.032718,0.931107
143,1143.233333,0,-0.473159,0.193789,3.414167,0.014114,-0.427339,0.034526,0.903322
144,1144.266667,0,-0.702392,0.187741,3.469394,0.012114,-0.535185,0.039626,0.843718
145,1145.266667,0,-0.877765,0.181272,3.469074,0.010452,-0.608362,0.042621,0.792445
146,1146.266667,0,-1.049015,0.179175,3.433741,0.013627,-0.676816,0.045204,0.734636
147,1147.266667,0,-1.209467,0.167284,3.358455,0.010777,-0.745106,0.047421,0.665171
148,1148.300000,0,-1.347162,0.161025,3.245304,0.006939,-0.807405,0.047687,0.588026
149,1149.300000,0,-1.440273,0.153598,3.095923,-0.006879,0.865272,-0.048877,-0.498867
150,1150.300000,0,-1.508193,0.142013,2.924746,-0.005510,0.912812,-0.049128,-0.405378
151,1151.333333,0,-1.603537,0.132629,2.817900,-0.002238,0.925479,-0.047882,-0.375753
152,1152.333333,0,-1.713091,0.121984,2.650117,-0.000036,0.945634,-0.045925,-0.321975
153,1153.333333,0,-1.782326,0.115839,2.491047,0.004946,0.960231,-0.044191,-0.275644
154,1154.333333,0,-1.829399,0.111689,2.342777,0.008772,0.969746,-0.041345,-0.240429
155,1155.366667,0,-1.845055,0.105975,2.185398,0.013186,0.984720,-0.037434,-0.169564
156,1156.366667,0,-1.811560,0.079982,2.016442,0.013125,0.995312,-0.027681,-0.091741
157,1157.366667,0,-1.741846,0.054143,1.870952,0.014734,0.999300,-0.021286,-0.027003
158,1158.366667,0,-1.766727,0.116896,1.726548,0.013030,0.996111,-0.049293,0.071850
159,1159.366667,0,-1.603672,0.078984,1.580326,0.018226,0.976885,-0.044050,0.208382
160,1160.400000,0,-1.433822,0.126925,1.513099,0.015909,0.957007,-0.053537,0.284636
161,1161.400000,0,-1.315539,0.104117,1.452894,0.021212,0.929751,-0.056439,0.363218
162,1162.400000,0,-1.182893,0.083343,1.430036,0.021262,0.899770,-0.057380,0.432053
163,1163.433333,0,-1.028264,0.053000,1.419007,0.013823,0.850719,-0.051828,0.522876
164,1164.466667,0,-0.896432,0.025347,1.422299,0.000897,0.803080,-0.042374,0.594361
165,1165.500000,0,-0.769203,0.012636,1.418780,-0.013086,0.755902,-0.030438,0.653846
166,1166.500000,0,-0.621437,0.003177,1.484165,-0.006446,0.750466,-0.024019,0.660442
167,1167.500000,0,-0.421143,0.146281,1.361092,0.023913,0.709638,-0.057176,0.701836
168,1168.533333,0,-0.252071,0.101671,1.468683,0.002041,0.713229,-0.044477,0.699516
169,1169.533333,0,-0.096227,0.094611,1.518785,0.006260,0.677655,-0.036518,0.734446
170,1170.533333,0,0.012824,0.110590,1.636608,0.001347,0.589006,-0.029156,0.807602
171,1171.533333,0,0.085363,0.130772,1.778760,0.002503,0.500934,-0.021920,0.865204
172,1172.533333,0,0.158321,0.134268,1.917084,0.002955,0.399033,-0.011166,0.916864
173,1173.566667,0,0.187196,0.153380,2.039058,0.006605,0.321315,-0.012768,0.946863
174,1174.600000,0,0.229919,0.154379,2.220056,0.004008,0.248372,-0.010137,0.968603
175,1175.600000,0,0.239491,0.158991,2.347827,0.003153,0.191954,-0.006486,0.981377
176,1176.600000,0,0.241948,0.174114,2.499121,0.003361,0.136759,-0.003454,0.990593
177,1177.633333,0,0.218588,0.174561,2.625931,0.004225,0.076073,0.002417,0.997090
178,1178.633333,0,0.178912,0.175325,2.744777,0.005141,0.019783,0.006284,0.999771
179,1179.633333,0,0.086862,0.186261,2.879481,0.007941,-0.064949,0.013742,0.997762
180,1180.633333,0,-0.038709,0.187598,3.009805,0.008462,-0.157593,0.019676,0.987272
181,1181.633333,0,-0.111228,0.190206,3.135636,0.009412,-0.208499,0.023162,0.977703
182,1182.666667,0,-0.243184,0.193637,3.278803,0.010617,-0.283775,0.027719,0.958432
183,1183.700000,0,-0.345831,0.194430,3.351865,0.012463,-0.331648,0.030484,0.942828
184,1184.700000,0,-0.459213,0.193837,3.418547,0.013101,-0.382329,0.033987,0.923308
185,1185.733333,0,-0.572982,0.193535,3.467591,0.014625,-0.428193,0.035390,0.902876
186,1186.733333,0,-0.691364,0.189337,3.500924,0.013161,-0.478299,0.038628,0.877248
187,1187.766667,0,-0.812007,0.188701,3.517135,0.012920,-0.523400,0.040111,0.851045
188,1188.766667,0,-0.935116,0.183879,3.513708,0.012116,-0.571020,0.041308,0.819806
189,1189.766667,0,-1.073834,0.181672,3.495025,0.012233,-0.622947,0.044415,0.780906
190,1190.800000,0,-1.178956,0.176696,3.456765,0.013127,-0.668056,0.046307,0.742552
191,1191.800000,0,-1.300330,0.166255,3.382029,0.010248,-0.726065,0.046558,0.685972
192,1192.800000,0,-1.416470,0.158812,3.261383,0.007042,-0.788637,0.046895,0.613028
193,1193.800000,0,-1.479295,0.155568,3.166741,0.006877,-0.828178,0.047706,0.558389
194,1194.833333,0,-1.542258,0.148480,3.031771,-0.006701,0.874519,-0.049227,-0.482441
195,1195.833333,0,-1.583973,0.138689,2.889391,-0.005788,0.911784,-0.049331,-0.407656
196,1196.866667,0,-1.645624,0.130898,2.780036,-0.002633,0.929196,-0.047815,-0.366471
197,1197.866667,0,-1.716195,0.122901,2.656272,0.000541,0.943838,-0.046292,-0.327149
198,1198.866667,0,-1.776551,0.116095,2.539391,0.004598,0.950307,-0.043815,-0.308182
199,1199.900000,0,-1.828830,0.112585,2.422179,0.004658,0.956101,-0.043663,-0.289730
200,1200.900000,0,-1.852180,0.111748,2.254971,0.008515,0.970959,-0.041571,-0.235451
201,1201.933333,0,-1.870767,0.106891,2.107629,0.012473,0.979231,-0.036905,-0.198971
202,1202.933333,0,-1.881092,0.089284,1.947506,0.011687,0.986309,-0.028481,-0.162007
203,1203.933333,0,-1.899596,0.086594,1.801448,0.012923,0.992060,-0.026657,-0.122231
204,1204.966667,0,-1.892992,0.062384,1.678757,0.011340,0.994916,-0.024039,-0.097142
205,1205.966667,0,-1.983628,0.110356,1.396923,0.012765,0.997951,-0.052216,-0.034710
206,1206.966667,0,-1.977261,0.105803,1.214520,0.016015,0.997636,-0.053266,-0.040364
207,1207.966667,0,-1.987379,0.087117,1.085981,0.015464,0.997651,-0.050288,-0.043868
208,1209.000000,0,-2.033489,0.087943,0.958932,0.012588,0.997358,-0.051510,-0.049655
209,1210.000000,0,-2.045774,0.081627,0.847174,0.012406,0.997175,-0.053947,-0.050779
210,1211.000000,0,-2.029373,0.072580,0.703850,0.014979,0.996933,-0.057222,-0.051248
211,1212.000000,0,-2.037195,0.060079,0.546609,0.014202,0.997135,-0.054721,-0.050265
212,1213.033333,0,-2.001727,0.060911,0.427609,0.010932,0.998145,-0.059122,-0.009613
213,1214.033333,0,-1.947345,0.049441,0.290151,0.012028,0.997222,-0.056610,0.046888
214,1215.033333,0,-1.869013,0.043843,0.175608,0.009659,0.992297,-0.057713,0.109190
215,1216.033333,0,-1.764870,0.034566,0.041092,0.008823,0.981575,-0.058846,0.181576
217,1218.066667,0,-1.566532,0.024452,-0.145606,0.010046,0.955575,-0.057792,0.288853
218,1219.066667,0,-1.430951,0.022846,-0.199418,0.006665,0.938014,-0.055416,0.342073
219,1220.066667,0,-1.299526,0.005279,-0.273105,0.006945,0.915419,-0.053826,0.398828
220,1221.066667,0,-1.160648,0.000606,-0.319787,0.004976,0.892725,-0.053143,0.447430
221,1222.066667,0,-1.060184,-0.015953,-0.364011,0.007149,0.856889,-0.044499,0.513527
222,1223.066667,0,-0.943945,-0.016890,-0.376315,0.003033,0.823099,-0.044501,0.566143
223,1224.066667,0,-0.834787,-0.012862,-0.396198,0.005528,0.805704,-0.046616,0.590455
224,1225.066667,0,-0.691965,-0.011378,-0.423017,0.006087,0.790395,-0.045758,0.610855
225,1226.100000,0,-0.574257,-0.020969,-0.449621,0.004891,0.766473,-0.041787,0.640897
226,1227.100000,0,-0.414906,-0.015180,-0.448019,0.004047,0.744878,-0.043612,0.665762
227,1228.133333,0,-0.301169,-0.013663,-0.413648,0.004707,0.703754,-0.041371,0.709222
228,1229.133333,0,-0.174866,-0.022487,-0.349293,0.003449,0.645503,-0.036551,0.762875
229,1230.166667,0,-0.041450,-0.014674,-0.268128,0.003229,0.586590,-0.033701,0.809176
231,1232.166667,0,0.112866,-0.015554,-0.083294,0.000064,0.378023,-0.019119,0.925599
232,1233.200000,0,0.121991,-0.007270,-0.010714,0.001203,0.288559,-0.014885,0.957346
233,1234.200000,0,0.107648,-0.004293,0.051350,0.000655,0.210926,-0.011415,0.977435
234,1235.200000,0,0.084308,0.011145,0.174003,0.000861,0.106111,-0.005262,0.994340
